3.13991188691089,-6.83080632309716,8.67051451082681,10.9390069378277,-12.4561941578159,3.25039938336108,-7.04726301525389,5.55195938538222,-8.22162431033727,14.7070006877366,-5.14230231947885,0
9.26003354945339,-13.7330954028059,12.1577080798117,-14.8501671254916,2.28108165754873,29.4618919428238,-14.682456569756,-2.41434918510308,-3.66546722834382,12.4896948831186,10.1985906868272,0
-10.8674492100469,-15.832551075981,6.6017396968371,-3.43599640045515,4.3893771036877,31.9955297295795,-11.0202666299091,10.5001574895676,1.73544459563432,2.44512450280381,0.60290145816383,1
7.53147670151832,-19.6467020362427,13.1130134839605,-8.49327570444411,-1.20740567331781,12.1701133035264,-27.1762855176864,7.99408931454095,-2.63452396302824,-4.96401321166654,15.6465903032287,0
-8.59684518678846,-10.2670145026805,-1.24145576544904,-12.7127372865746,-11.3893680838286,20.6860056610881,-2.45604234217417,22.3115915169326,2.91844093324852,6.39029943733482,-0.378619763186528,1
11.6330850335084,-14.8478713872669,12.2524372033682,-13.6020639788952,-10.1107069510374,22.7485503573676,-1.9087669283371,3.68589662931587,-14.3424573055611,-2.90703705732778,11.1118419746501,0
4.1922726874246,-17.981680551698,12.0870062310913,-9.13222224158888,11.3401679700946,22.2187505259853,3.01194215555706,1.45186975345998,-5.45866805569172,-4.12741541562016,8.18610706144466,0
-6.10049992200303,-8.76908266447014,20.4105529411498,-7.19524253195636,-7.77674944686293,1.83653749813975,-4.09654909708875,0.451027617433305,-15.7349243807841,-17.7274677449342,13.5194756884246,0
17.7732329155276,-9.01733902764732,5.56580240653419,-24.8472346172878,3.53682422843953,2.50340105716552,-5.99372889116994,24.9213747541829,-4.83933887823826,3.90385551232853,18.0542697610235,0
-3.54076714095121,-6.04270794100102,19.814819593919,-17.2766516547122,-6.18766973525769,17.722653573444,-10.1333328535027,3.70103491148578,-10.4152750045228,4.1991384244645,9.88497624299114,0
6.93946746572533,-13.5392267055986,6.11923959775564,-19.437937740582,-12.5124538679356,1.27011874233771,-12.4164096212926,2.08716858683804,-12.8069827784446,13.0713511862257,11.8572890572847,0
14.148910973849,-5.04046227849762,15.3350708267864,-15.4333448534716,3.896088968795,18.8500699803119,0.466894859929676,-0.578904444103302,-15.0684565105746,-0.84241282708776,8.00475507152514,0
15.0022720549962,-8.71902790978761,13.6413789959253,2.18401696878061,-3.35072979042825,-2.09757158593632,3.96525880450608,13.3618878635275,-8.4438507700146,6.02591046596762,11.4051642823171,0
3.2574853975709,-5.26697952009234,-4.00576678241276,-5.01274138014676,4.75238149170268,16.0481253572769,-7.19285769259564,10.8151449951411,-15.7437627050064,-13.1556300282462,-0.0191440269226018,0
28.2248737525936,-17.5746510607675,22.8420322557105,-7.98871056679693,-14.6241294514803,23.8843000964001,4.11169180243101,-2.16387101626251,-7.71692474780021,3.36412298165539,11.280504856849,1
9.63412632454223,-0.576478219829021,10.0358127794408,-15.5250488497436,-10.6513020512835,10.654815968425,-23.7923023646539,21.9819378081331,-13.0664001026808,2.58890545766571,6.58231017952242,0
-1.08995258781203,-7.60314666398523,31.413605130217,-7.4597411217505,-16.8195718829935,8.13830965459329,-12.8934360312597,17.3847567839433,-13.4957724009774,20.3246865253646,0.799734383736801,1
6.67869114087303,-3.23331265801073,7.14477988524422,-28.519549913651,-7.79241137934253,20.4949134545747,-11.2304785311817,-0.239275995693442,-1.14500614111379,8.61164911335975,11.7267344310191,0
12.7125691573941,-1.12104162021504,5.29320966265621,-17.8671718780262,-7.57481179258579,5.75645811358812,-15.7739100728532,7.19165599192969,-5.04491320164479,16.4813189528155,15.8351526159552,0
7.57225219606016,-8.09173013874946,6.67399875810724,-3.99732308634208,-0.887958322398603,6.38264565511424,-7.72360829151949,5.97106884977353,-13.5875046027875,1.09143589553497,21.0788250404306,0
2.9947384880633,11.2225272852825,17.283214961277,-16.5489335681472,7.06787237553668,14.7905980163991,-12.1466307180059,3.34357736402776,-2.8744522681903,-1.71386246288681,9.01979426880596,0
10.7079994615275,-12.0968219989641,14.5087939994703,-9.26706024044801,-6.48638518098127,11.5805330630111,-5.44126337215719,17.5905483594008,-7.10239260954585,16.0393708240475,7.82639749804378,0
6.69320685562115,-9.05369722351764,15.4379424971886,-2.8200649756492,-12.2981969133163,13.8685363389258,-6.26000019679835,12.623615510917,-13.3481804104106,-5.79894159466507,10.9397036618263,0
5.33149083475026,-11.6352771342413,10.0486378473812,-19.2948490720165,-2.58696236736637,7.47856519149164,-7.32269429155798,8.57007448888848,-15.4840742192489,2.55727438418757,-0.536974069176713,0
6.31023331719346,-11.26183707025,18.701498887984,-7.73937735379304,-5.32306581150515,10.0858130402377,-7.78907125937377,5.94782709924351,-2.15790873095436,4.20997066448196,6.26283115994355,0
-0.729693824989712,-3.40406375550009,4.05884048373165,2.66377613189655,-12.9992103725667,2.07883411906688,-11.7234826355302,13.8104561573707,-10.4799374365928,-0.244941937077744,15.6196005976344,0
-3.10103434111997,-10.2764588349132,9.92161526402221,-13.13710540245,-22.8073705048778,0.0160905943706702,-5.41977826869257,1.20017928985035,-12.1725511004646,-6.65060689843666,5.35271785362542,0
12.2424617447573,-21.6131880941813,9.19931656726739,1.06035373492888,-6.05435861206976,8.09196410699715,-10.5352086775253,-6.66856243759392,-10.8673988223575,5.39010250400049,7.12802797787676,0
5.5359327579394,-8.17461223233056,20.717128717616,-21.5308817468237,-26.3122358880004,-7.6766843309925,6.60179263145242,4.88409526899916,-5.20763151501877,-12.7957447669141,-2.09052802152444,1
11.888772098319,-14.2863730842609,9.38709029174764,-6.96975824875078,-22.1067669275755,5.35131315561737,-22.5782750317992,11.8702304525048,-3.54956965848332,6.03133220006735,18.2681861850011,0
9.70046606273627,-8.08755216710024,18.2522139495345,-4.88469093441659,12.5089971660664,4.74267624207411,0.723790888730191,12.8616695192929,-7.1300001437554,17.6717317771733,7.86373687435197,0
2.31858021420693,0.220662417784785,11.9829211050424,-7.709739756087,4.70053897434962,6.93441678279978,-7.0244307801252,15.8043679263721,-9.31211414156416,-10.0238452376433,4.08429622662601,0
3.26059474827454,-8.71036814463648,13.8892418723084,-3.43123852631556,-8.64743106884909,15.4362478227347,-2.30742587009316,5.3044398023134,1.20818709909233,-4.31078964423937,-10.1930848664872,0
-8.08403812740609,-5.42953004492724,12.0078363811063,-0.31033706967278,-23.1891215729461,10.1295311525841,-14.1682299356703,9.91855660403531,-6.10798396199333,7.27396569184694,-3.18740122720959,0
-2.67903425816516,-22.5440514749619,21.3742836456808,-0.921019939702511,-21.0276692362194,13.9938633948485,-2.53175513809476,14.6758839395812,-16.0684333572162,17.2637639170383,5.88287979491857,0
-1.86414318942967,-6.4291484613806,16.3320655559477,-23.2069140782932,-17.8682159204576,21.7587272979991,2.28099111006877,23.854564529172,-6.58636806018852,10.1162939340645,4.73571419501279,0
-0.0820065123643543,-10.9308333214022,15.3744450957814,2.66091508071139,-2.2780627230813,2.40471185943763,4.50757842280039,16.754703047786,-11.8020960638804,-0.927385399728159,-2.3730169915318,0
5.31563677372463,-14.1832992611625,26.2702746553419,-12.7657946482282,12.214476453585,-2.3555758451932,4.7739195745876,-0.698180021630752,-9.75703602792558,4.80236067812652,12.6386491034798,0
3.33921748262966,-9.93508413423129,24.5494290503908,-20.8217982060472,-9.30724065734695,10.3698040602091,-6.69365007285227,-5.73513347827106,-1.73668869189937,12.6205629447697,9.38334432792275,0
12.2694626640058,-1.55161989369756,23.2671812620916,-8.40870110411885,-8.03999314659273,8.57435007036315,2.7061776501959,-0.735213931038865,-1.47558192252584,-4.82828150524731,-3.85775273169016,0
4.89237865872661,1.83147377242809,8.50889549547103,-18.6335880782305,-3.19580170597264,6.51490626020771,15.506458201095,3.39498721857414,-0.730053731975544,8.80212232289231,2.49579842626555,0
18.8052854972434,-9.23211723674193,16.4184879368052,-14.4917641789196,-3.75092258337699,-8.13388910493236,-17.9891050387894,20.5562206605523,-7.49702598083103,-4.53024857305112,-0.738670482243714,0
10.4880107533727,-8.63086392306852,12.0942656140677,-10.2400212071578,3.28193430066807,10.1432992080135,-14.4606009918905,0.653383723704994,-14.1182182696276,14.0563626795729,12.941988284196,0
12.4558452170663,-17.479111773447,24.6653078670636,-11.774748458472,-15.8115807003814,8.3132288878044,-13.3919088177595,23.2058684188958,5.82656753766281,4.78559836391077,12.6003410270037,0
9.35972926371956,3.39652928327512,23.161311568,-6.01440816210708,-5.29621203811834,18.845066397366,-3.12300996150772,20.7702310083148,-2.8061938014262,1.00976399148816,10.707986440766,0
2.18923285003016,-3.30455356108172,9.80096835551932,-16.060794328495,-5.49775602088607,14.9852251476526,-15.7701859139535,24.3524115628764,-1.82597601962947,-1.40001492932849,7.46026641003569,0
-7.69954915043893,-3.75920062970484,0.134274728981948,-16.1643215629486,-16.3443953127383,3.88053161748731,-3.48082954560816,-3.71351080853792,-12.7307799656322,-9.6800347975772,-1.34709007404451,0
8.43207062020858,-5.36785177370895,12.0597055964008,6.34577074072989,-10.1233140132356,0.315009582082997,-17.7780609100993,7.60205084141823,-17.4741193583074,4.06509362939433,9.4224604765894,0
-10.6733233501849,-11.5328613177994,18.2749231433509,-28.5932287557163,-20.496113517976,23.876920738652,-5.54179810992462,17.1069464982455,5.5167829381178,-15.6116854347359,24.795749613479,1
6.12526566372756,-11.7165386456008,11.2134617682453,-12.2898624129741,-27.7357608731913,8.7763215335264,-16.5006486146971,8.56283517844057,0.131446534662079,3.14245402896089,12.5221717797192,0
10.4283868739658,-8.16085554114156,5.80830483299324,-8.4145892269034,4.11300380091444,7.49299894009114,-5.68263798214557,9.10603610496716,-9.39996799829467,0.134037222982036,0.0738822975180096,0
4.38858940921232,-4.20665915357874,12.3864816722393,-17.7938402602772,-0.872736540630017,-3.38532062031641,4.0639693286416,12.3562175648063,-3.683264479824,7.91743909218119,2.38700500166725,0
5.48022964186795,-26.6856426471678,24.3814830396455,-10.7768670780429,-4.3598087004105,9.93019349117508,-19.5884232000046,3.69383182679706,-1.72413155078281,-8.00856795682191,14.9240854659516,0
-3.6170128947045,-19.6466530549807,22.9245421787862,-7.66380870787397,-17.0039979816017,5.34525181563387,6.89366581647482,-1.20175573161605,3.43898355956293,-4.44715770400924,0.712603585388756,0
0.472015771090025,-11.7640065732462,18.1670886937266,-2.83318011493587,-5.50803813210316,10.1835488884083,-2.66239432690271,0.566200492220344,-12.9884709444864,-3.51376742580833,17.8248462338966,0
7.97827318933658,-26.6734885778158,8.31281032474302,-3.39680151308354,-16.4577324522208,5.80623901132966,-2.29212124634144,10.8672126486034,-6.78248002834261,-3.66079055251982,12.2149390638444,0
4.06367988260153,-18.4886751275192,26.6729846063327,3.07376136460845,-12.0320060642143,9.48009145304159,-1.74922883206737,8.43940021787806,-4.64288218178419,-2.56690416179683,11.5723038830529,0
7.5190264537455,-2.09399423883197,4.45187487581356,-7.1163298415558,-7.56962955691508,13.8336844515901,-3.63752758966608,14.3314010132224,-4.96801730037145,-0.0709711766657375,14.4747602185788,0
-2.34002234517844,-5.27758461991416,12.209515914792,-27.3729978558751,-0.345751455004899,10.5011598302762,-5.74183469685675,16.5247359615094,1.35949313111447,-6.94416259468628,0.441274049070032,0
5.98861945666375,-18.7851626717205,12.3922567840047,1.90448970814049,-5.30367904146271,11.8767798644871,-4.73138424909541,19.1344399958428,-10.9541612402211,3.86417470935031,8.69696471399311,0
7.22689201445635,-12.1446203419966,11.0484089998585,-25.299965685722,-9.06099365000024,1.43822233335436,-17.0519205100029,8.29471645927659,-14.0802392004894,0.550819254695697,13.3188486187747,0
4.57331002307398,-11.9557880075482,20.7331138039989,-2.6350396343159,3.30735465383661,11.0530984398482,-6.70160231397419,10.4710020205865,-7.62688537436176,0.0412125692932583,14.5173092374897,0
18.3667683585302,-3.09699190795898,22.434398729284,-12.2909061701767,-12.1005462433658,5.66425474950077,-10.5825136679549,2.45878006532254,0.888655591032177,6.98719098247389,-7.08183069198261,0
2.74611682894877,-7.82547801306874,9.10576594054307,0.0918783575435054,-1.07120890954533,21.8968800847917,-5.60874634501148,23.018743528972,-10.0154369611762,7.42038598056014,11.95587194733,0
-6.40521155175897,-20.6712892244631,20.8153682982462,-14.7442012925088,-14.1819998463639,-9.72692799899706,-8.48765390967197,2.96427736563368,3.52422284377219,2.04884572954084,8.26592440203809,0
11.7588715046323,-9.48651940703558,10.4835216780875,-8.2622134439305,-5.11272716565261,10.2868827038738,-13.7564687198719,3.05121750396682,-8.82451644516326,7.17717502989503,10.901481428056,0
7.09157746957793,-17.7047262172438,13.4712251038068,-29.7465448733406,-9.79306202693471,4.13392367558832,-10.868173909171,11.9793447541187,-5.91357852004576,-2.16832453941888,5.40102584677149,0
-3.80511838873503,-8.31984304441455,17.7815109518631,-11.0219462538337,-17.5693589405787,11.7606907380039,-13.9007092298721,11.3343423700562,-10.1734815036478,-3.28050023970798,18.765553038563,0
2.1726427867406,-18.6960069067902,10.8083526094447,-32.7406851749788,-16.4790939750843,3.41910493421555,-6.49340525023587,14.5788679854386,-0.999656880813167,4.58439801767559,4.21223785191989,0
17.6278006528969,2.42645592860383,16.1474148648439,-32.3888669381482,-6.15519568041506,12.4494384424525,-7.14360876757413,14.7580538811804,-5.01408732552626,10.461097494409,14.3667763565125,0
9.32472867168309,-13.5584475377981,24.8328371885185,-16.9965201338729,12.9419228867314,12.4486204312742,-4.46448226783257,-4.0893553060584,-4.87194795395309,13.6875931849835,6.82710663532125,0
1.12855312255738,-16.8428008575631,16.3013630872288,-11.1710007217623,-17.9808492502365,5.990856663353,-8.35257792266244,15.8998474217377,-1.08758580130853,13.4053656238135,13.6773141081377,0
4.3696178188026,-2.75065824921811,21.6439130613764,-16.393626695118,-17.4447315894252,4.64002763242405,0.814288630398806,24.4890333838464,-17.4834826122193,-1.69805917956463,9.76621800303263,0
13.795760767798,-14.1486643759356,12.0259721287068,-18.474854291728,-2.42710853610472,11.12165275309,-12.8562477168611,19.2281198839612,-8.96666766090934,-10.1725493036374,12.2534669976036,0
-4.22737753636609,-11.0370049815917,21.4050634469242,9.60584935024788,-0.764852415709993,47.1317320147836,13.307328324456,4.8300338790265,-7.5550959902772,12.0910822122742,5.00851994178625,1
2.43080240694134,-12.0755139197725,24.5135616305012,-7.85180972178298,-12.9368873116821,16.1459209335759,7.06847522238123,18.3402164711619,3.88697370740593,1.02624043504735,5.50114709799113,0
-3.02586148683459,-19.8023377711315,-0.339324321503538,-11.5072285116625,-13.222747101342,9.35666630277567,-0.559897805988813,1.90915011677858,-14.2052921510139,1.15680677459011,2.26381861218581,0
15.5229730680986,-9.08590698140363,10.5094673506379,-6.22932012822221,-1.83449389385719,23.4099081402366,-18.8066852836903,-5.00325376714677,-5.23935873399801,2.28676580281713,7.43195745074821,0
-4.50516104196186,-21.6680700906634,11.5431037351932,-12.1383853984703,14.6956764624505,27.0903700364614,-15.8496065904331,-13.9003948033954,-0.358513847932519,4.18424200921583,13.2635233629477,1
4.49310903003055,-12.9831678619428,-2.12016796453734,-20.0184921389233,3.17587836529362,9.17241779340175,-13.4608517091389,8.29816386187528,-9.41110060629627,3.01269940153544,17.8452834905758,0
-2.16735027951924,-2.13314951660786,5.99185030745339,-17.8236735839871,-12.2764127162352,15.7040447627556,-0.25562466031934,17.5340966435912,4.88292655995622,-4.42443587530153,1.40373931182422,0
2.67545936176277,-7.54188350970217,30.3874707598008,-1.72002968667285,-13.5943592516779,23.7940574158487,1.75051479628848,17.6914928922667,-7.34489500430062,7.4073894385751,-3.47326519676794,0
11.8568936376669,0.44785116286746,-5.81248735634327,-28.3431425394585,-10.8203583594403,18.0764671181051,-6.07562565022724,-14.899980914702,-8.97695345332864,-9.16521591698723,2.32775443413013,1
10.0978495819873,-13.5553212610008,16.6211310897983,-20.3966970004385,-8.97089914159346,9.47251497915299,-10.2846321525754,21.9432113853476,-9.19673028467489,11.3034769812227,-0.174470766566033,0
22.5443320949524,-12.0136999126686,18.5416648665193,-3.1215154188478,-20.1340533170508,26.0398472828261,-10.270899543074,-2.51536740473669,-1.98014247779807,-7.20488363961426,11.3672135395903,1
-15.5926543247557,-3.42157723235514,7.64656212388095,-19.7810968109282,7.48716931276498,-18.7207156857934,-4.82609088676354,-19.4942452224845,-7.33590591085695,-7.98337337597568,0.240839686284454,1
10.5329909256625,-25.5933613194447,12.4002860231565,-18.1874474789111,-9.17821461897916,4.42674738054316,-4.73979415132531,9.74984343192528,-12.614011755332,-2.18272775976346,6.93475256793056,0
-1.765843303204,-10.80352700222,10.6776491240634,-2.02525370518947,-12.5478033095058,20.2918971023098,-12.4742284352079,12.2430754308736,-11.9847502687617,2.84530631832692,-2.36607386695428,0
2.50290857383592,-15.1234210359392,17.7322761089299,-18.621315899731,-9.42437454957083,6.04389389788321,-5.57795636911405,-4.49812171524917,-10.3761948522846,14.3450258654273,-1.81305312970457,0
4.37207903564284,1.45010312714937,12.3893619176256,-8.14784183241718,-1.69801308699334,22.7916713737328,-2.90631075437381,18.4569603385745,-8.7046877010676,16.7444999998437,10.7420027859574,0
12.7202588147975,-14.8573769906234,11.6880733914166,-23.3321007087479,-6.81489523732107,27.4863465139257,-21.0454326003125,-0.929204899640767,-2.10058953350424,9.4738886329425,6.54804158907772,0
3.47405406423188,-3.85062960514668,12.6080404182306,-13.1897643831589,-17.7684538404595,11.7131364386873,-10.2737139569533,7.5233443839863,-5.14147637646466,1.19112513765127,24.8861559976342,0
-5.72777183846549,-1.7818622400546,7.15072002144893,-7.30281541507021,1.51780334988234,3.99582128121659,0.956174879418016,2.78713060393761,-5.53598675687435,12.0720875147915,10.8908574580725,0
4.55590600657855,-2.73147195262009,13.706364132237,-10.5319207832672,6.66826475033833,4.00425837965525,-5.28186918886596,-9.49891844811702,-12.8581879506905,11.8655218833537,7.23293985090556,0
17.5497601830172,-19.4001412162941,17.1842416399062,-8.19763895875763,-9.91016948580988,26.7931830948446,-5.97468800469744,14.6331088550875,-6.25385687717528,-4.39917609150594,10.6446358296218,0
6.02539181712676,-13.1155474692384,-4.94886583476704,-7.84842570359456,2.47768758501679,11.2351282471129,-3.74833202752106,12.3054644493633,-11.8934959349064,-2.86852165042744,-3.04778547985419,0
2.11257996572613,-10.8750775335535,4.69977121688126,-17.6506455492045,-3.3632567706266,16.1556261909117,-3.22263534860347,-1.0391854946234,-1.68355872492663,10.5203226312397,13.5037845837035,0
3.5129958649372,-2.73608009931227,11.5829051847296,-6.47937899329255,-4.74353771924956,10.8645681487658,1.50199889271091,14.5830295007271,-11.8201829202888,-6.40867296773873,4.12127395913384,0
10.6721921803521,-11.0346175530451,22.4037761254079,-5.92150329185894,1.0704047353659,3.57904737483499,-2.56094757544082,19.1867462496737,-4.31880977815852,10.8830204104167,12.8462055082338,0
9.64383446408038,3.31410806175422,12.0492125778379,-6.6531287293697,-20.8488409335854,17.5388489677362,-1.53705413968773,22.2020727234287,-10.6991306500105,10.2896511570494,6.24792851220267,0
13.089571675238,-10.1763154934478,24.6297071274769,-11.4035778825293,-24.756178134767,25.3951671212733,-7.19422529981115,2.51570616344248,9.41551818351587,0.28971671531521,21.2462008579657,1
-3.39721800526493,-13.3067859583172,16.5458628310497,-13.1197594829666,-8.47075124484312,11.9227922409036,-8.10958671549105,8.48111231867496,-3.47658507239146,21.5933624421135,8.41835798064415,0
-7.1078226203281,-2.65945083159847,-9.91377578757048,7.86508995962656,-15.0629719548153,-6.66913911396812,-10.8868039508103,-5.42838835074504,-6.14572112852056,-1.69492689903744,36.5445510968205,1
-0.552213444725195,-11.3895244076052,23.8622002186437,8.58060345289503,-7.06830089238522,9.40897528768759,-10.6857173381902,12.2280062653631,0.313511486705906,7.20596700003585,16.6142867714506,0
4.92996399301964,3.04991466584904,11.8188333971071,0.0916983047952495,6.18114400516071,1.40239319913511,0.711772284024693,-5.64628376691739,-3.29736393582838,-4.84805524824156,17.2765757206521,0
14.4105714579121,-22.4777260541885,3.8572084448893,-2.95272641891621,-24.8809405096395,26.8847711183321,-10.3012603391977,14.8435139260481,-5.62954986802058,15.8347254211623,14.9234677324033,1
10.3879810301158,-16.622111733301,18.6275539576601,0.187674616274297,-2.17900425260444,14.5186109809515,-13.2936152530282,12.4396419124855,-14.2364638651917,4.99063992107855,1.05937924351778,0
9.79355542945696,-15.4869413388367,12.1838938028595,-16.2106479136735,-8.18954348632401,1.34713245945211,-15.5917357844761,13.6609815266345,-3.8263630710528,18.3251044110895,-0.774263160184615,0
15.5594910412332,-7.51257877272486,10.3075206151107,-24.3732508244096,1.26781095906158,6.85553220791442,-12.5208117045883,-1.47566318247329,-10.9697394922451,9.57356369646367,14.459579853565,0
8.36891537414799,-3.17844367599956,23.9248825233893,-21.1322465988926,-8.95669676131618,23.4525694902294,-14.8494028528492,3.64080234939419,-2.12401527326732,6.29408978548686,5.99917659508319,0
9.80234748517816,-10.793769523256,9.48209336054469,-11.0206651624088,-8.7614744348569,27.3131354761092,-1.04972988652372,-7.71998857539174,-4.72118309610134,-5.55344212424847,1.05726592780175,0
9.65059613553833,-0.165959347690338,7.48636024698888,-18.4784170447236,-1.43764877327317,0.877506405515847,1.08067368459856,-0.307176270986411,-3.34558318777167,5.6301122975056,-0.463369033535225,0
13.442697851055,-14.7022955149489,16.4492636047649,-21.8295316150511,-28.0248768074935,3.02117067215116,-9.40312637867724,6.65841180052498,-11.88613034708,13.0139154213432,3.83368572309834,0
2.02419981085868,-17.9958921649378,18.1202546093664,9.30208475379177,-20.6576523146697,-1.34261380565056,-18.1679200384023,-6.7616271420287,1.51051602507124,-0.822742986673198,12.1333596872658,1
1.42024178824501,-16.06538175912,10.7794653951739,-4.2829853984713,-8.33252227684662,-0.234482641955648,-8.90772818084935,9.47804149734931,-9.31851022001273,-4.04098998323712,3.39005814064025,0
21.4082430736705,-15.7919611131283,12.8528177580898,-10.3910877586454,6.59997610734148,0.918877971518548,-4.02436181452334,20.909398579642,-1.92098670846696,-4.57451938118649,7.17720263640836,0
13.6714357442006,1.75012956029695,24.6017505258272,-3.88063278997012,-2.9925628648893,3.6116484741989,5.96714693918399,3.29395375143656,-0.882093248321459,11.2287749299401,14.0116463788955,0
13.9810096515219,-5.17404699626747,2.33580008581293,-12.1305431733483,-4.52713111484147,12.7094358713648,-9.83605904591806,17.0887188136124,-11.0538635144342,3.01689999314881,-0.994540997622742,0
-1.02474824416405,0.150014642990273,17.6362220990746,2.75975418603744,-9.41363445802818,3.21194315848664,2.26814844685896,22.0091600141547,-10.0647381321679,4.46779917492506,12.1130806748563,0
7.21958887045475,-10.1417488165292,18.2263205180066,-21.7371414797023,-11.0119830780316,1.16135482881966,-11.9726379189453,7.24476870148081,-3.30384745137889,6.57181581029612,15.9996273595084,0
6.26614151963759,-10.1881368102321,12.955907071075,-13.2438027333479,-11.1934741776209,11.3276788278315,-7.26296258582576,17.5182842923898,1.59561198257075,-2.76678390632449,9.49517428412551,0
24.1614733588246,2.15071769140599,22.6561282082419,-13.8344539621176,4.33824897312203,-5.1264740672317,-6.11922423253815,3.41497131514476,1.06651041779121,9.99734252678011,27.9655455330309,1
4.90608675271337,-10.1143808285408,19.2196708882984,-21.9622858469508,-6.99432794425282,14.8826693352925,-10.1702684439671,13.60004120643,-10.1170727781481,2.37229693252315,15.1587771068655,0
-1.26289844659238,-9.59168247084329,3.5231799445258,6.84113845484524,-0.161000593974392,18.8596350627616,3.06323475167492,15.7362877143133,-5.04135997784048,-4.11165985444466,14.2415137944572,0
13.9752690478323,-16.5899526099146,26.0581473512764,-3.40875605847206,-7.03461388558774,18.546410672538,-4.65594481764775,19.6329706516919,-13.9497199889247,0.976787975547968,8.51517481422245,0
0.390703271122195,-1.49456562807643,27.9368176633525,-8.18018008143786,-3.85888613365009,17.203305915653,-7.32010095869065,19.3044714252471,-10.4430736341331,8.91196214752344,7.71861118256196,0
-8.33453620517557,-6.63745207404545,17.2340963892431,-14.5392748507092,-12.7904256659036,11.7694930170905,-8.57295675948042,9.72728945172722,-4.14648561553893,0.783021062405002,14.7448783644646,0
14.8997992080328,-7.65784666472375,9.73565055961439,-10.7101543282843,-16.8038126805575,15.5582982589253,0.961464180717085,11.100206486326,-14.1093626606542,-1.9380802372085,2.00765532208229,0
6.64369484900921,1.32376598295615,-1.65967535616501,-11.5343236394836,-7.71350805533791,15.5745522907676,-9.8279114534754,1.11062917047941,-7.22178620172893,-4.41650642089488,16.1863252448076,0
10.9934345676642,-13.4027819784794,12.7887962807213,-17.713389410361,-9.12227816584262,9.65424747581025,6.83873533709036,23.3124069270504,-10.5202119254932,4.85600946915331,17.0741001708334,0
2.74841201706542,-11.0766343094458,29.3660990371137,-19.2096831603346,-8.54006611648463,-7.92474752852578,-10.7997319435821,6.61522046178496,-5.54064496991991,14.4760717383033,10.3333341358089,0
19.9642660455518,-1.71516126156677,13.1522280513739,-7.01022806217547,-23.3259486796797,6.20473605880465,-15.9446619403774,8.70459295028563,-2.28794843283109,-7.45956730415137,11.9272940074838,0
5.56456493129072,-15.44484798209,6.16405277063209,-0.621429574004802,4.8913631534461,-6.96358018470998,-15.2353419838445,2.94948761248973,-0.101847656683225,5.19160036189383,13.4282006524094,0
8.60114919841675,-2.53849160326438,24.5593088752036,-30.0799648592756,1.54881554031696,3.99301184847984,-20.4303774742858,12.296200720208,-3.26411479422885,10.9418602805855,10.1639263703594,0
5.01661628268021,-7.59768477573249,22.5522857889843,-28.0098030458602,-12.8739459871007,2.20038542898849,-0.846410670509185,12.9202181545277,-3.02950280319331,-13.9402798506901,15.8617123216364,0
-0.366061215379496,-11.1743571696253,13.6138275806874,-26.6733857230253,-7.20664176442266,6.76783438513093,-8.03435442108917,3.56934926876653,-14.5434045355228,12.7767186744856,19.6318449479101,0
12.2769719310049,-10.9869365031201,14.8331535943268,-4.51709702888996,-9.10208552777198,17.0228446588954,-10.8270114766839,0.341113567985773,0.0805253795623253,10.6553733686445,3.91092466077024,0
12.260102782923,-8.11140252318914,25.2659126026215,-10.3849737665405,-6.37617540054454,19.6620477003026,-4.77415020498044,18.1124254965219,-13.3209021254097,0.938271543495268,6.99505357541346,0
0.941657467157673,-6.78895928983013,11.2852161090977,-12.2147971463241,0.922641522941206,15.3960086901296,2.48811256479225,0.548069614166509,-8.19058694730434,3.27546529718184,0.64121643364239,0
10.1158714734339,-13.1904249450219,16.3937453174159,-11.7972287409943,-4.06673277730769,2.02780690975958,-9.10733267274775,17.731139127678,-12.8986415237895,-8.45025987184421,4.22030943742276,0
-1.52069655253969,-22.8987405098258,7.64517528761363,-15.2686475646933,-10.5277559358821,23.300806107846,3.04395020887875,5.56738554100364,-14.4493014424467,3.55095169346086,-8.55731111553876,0
-11.1131601763789,-5.64784957008851,23.2609810030288,4.84856912785128,-6.39947795179969,18.2100158632945,13.164299894008,19.9565699874303,-0.345878192352981,9.65433054262587,10.1939185895516,1
16.7254030705881,-6.18002796649739,14.1718792873284,-18.6845281944846,-11.7907086217154,9.04208495105518,-19.0780867322684,8.86175962349161,-11.1518798630384,6.30887798072716,12.5617461074492,0
1.66699956839585,-6.81181627393119,8.04967748572507,-14.5795492492145,-5.79937113885874,13.9290093702523,-6.53967375517082,12.1834022612724,-5.98453231320413,7.57481513821332,16.4821465759786,0
9.25670577099338,-8.40338616173013,8.19518496151357,-25.0626967910869,-22.8789846980027,8.04860430033787,-10.1100033615825,1.00640073021431,-11.3255567539634,-0.395327485460598,6.24944376120687,0
0.244182162550983,-15.5497227422063,7.03534021883924,-4.88040801737087,-12.3844645582021,13.6693755173033,9.05754866664342,4.21310919580891,-3.58465133199506,-0.778409043970579,4.30826105701838,0
-8.48905346399679,-4.72143861733051,14.1165500375586,13.0397090741519,-19.0798448543723,15.6513856775105,-0.110820381081684,16.183655219966,-8.33774398378118,-1.61709621391545,5.90837274696549,0
5.49550277693871,-5.83618140745422,-2.82710718946565,-21.2095619432627,-14.3827012875093,5.76154425674172,-5.46505848714262,10.123098490881,-8.24788744661508,0.426840033987953,12.9920436604155,0
5.30892861054461,-14.4642441184425,5.9260864091761,-18.728197215374,-13.0908462895486,29.0536741037349,-2.0294759982671,16.3743886527323,-6.67812814970571,2.92916733131969,6.70914750253467,0
1.51275464903232,-13.2291965125921,22.4546745033982,-17.638602652227,-9.9798817640678,8.61200140353273,4.97581228349975,-3.75288879759217,-6.68956749106495,21.9125647505282,7.35562582131566,0
-11.3165274820552,-8.60039870576639,25.029112649979,-2.77930504365421,-2.41441929929971,18.9462119057654,2.1663333990089,-5.77811310687434,0.0441834957054654,4.84972743530627,22.0589278680019,0
-9.71884749896122,-12.3720153122639,15.5264212950761,-25.7720890255216,-0.46672235511669,1.08366061107615,-3.12382039712328,9.96220584815037,-4.65025598639191,-6.6358902301497,14.6524242066693,0
20.5135718479476,-4.10394853749293,21.4341964093749,4.31834233040932,-4.82180019354628,11.6690459198734,-2.38549619730057,20.138263308336,-5.57738166324045,0.359739358744974,15.663945400817,0
8.18940666399161,-12.3653129884907,12.3338435076444,9.17565599771156,-7.44372857208838,20.0611618758538,-10.5169036745985,11.9622560112027,-7.17519479385848,4.24012500190659,5.64620987785174,0
7.81265021986529,-8.32124897649613,14.8221852782317,-25.0709999839314,-11.1286789401123,5.14660963223944,-9.54741558660704,0.65160137195446,-9.12979934499031,6.04954917831599,3.35699441200738,0
4.6482134570182,-19.8066146681217,6.67007074257204,-21.3083235146623,-14.6794127385976,19.5132974772105,-8.42567910985171,8.72887584674242,-8.68388738322148,7.52667997108305,5.13092577764283,0
-1.049341871593,-16.3232081448234,14.3417558972021,0.969650855819481,-14.1294095718161,7.98705034148911,-14.9702670757636,-2.34049842068745,-9.95754865930668,4.06315624209076,14.6330793689692,0
10.4637079982744,-21.5808777429688,23.9466220650923,7.30274533324327,-22.052179764499,0.784292314157272,-7.57294874684416,6.4038202568096,-1.56738425871253,7.09663455172131,21.2986986573401,1
-2.73185794826784,-1.16032361222497,-1.20326641313975,-9.84451291568653,-8.3096902876799,27.4091547622365,8.01383366090604,10.1364969808887,-16.9462076911681,5.64617444573454,10.6220732754972,0
3.87219184921298,-3.61784947930672,11.9630909990013,-14.6359775418374,-6.50581175318693,7.86104086735967,-2.60019920161324,17.1191730328777,-9.03623032250206,6.31937808279295,5.95044726520822,0
11.0175002282175,-2.86285719617909,12.9109105341475,-22.6145592579187,-2.67660448298441,12.148757758666,-4.33691429745419,-8.46347694924076,-9.41320455501537,-0.250906346059147,19.7902395388311,0
12.6000309261692,-16.0483594495547,14.788931068179,0.766166675347458,3.31961165051217,11.422002705923,-10.6947961247651,10.2372561469007,-7.5370529788594,10.9707617356495,9.9840989726708,0
7.51141888126335,-5.02202226079653,27.8087149883543,-10.4490939484721,1.56246970032027,30.8144924729149,-4.70736458385282,18.5192157665724,-8.3344835039242,10.9769472681031,7.94896276320913,0
12.5973752473714,-3.04112617020897,9.85009076974368,-12.617308136494,-4.17885671354855,-3.66757352294193,-1.8407229628452,5.50161965059573,-0.935816809961624,-2.22252080590684,5.60153194615429,0
-5.05405942072456,-18.5123278918908,14.5293733049063,-4.49351593984373,-6.8386307615556,-0.779217578941447,-1.33087172006694,9.72424017405397,-11.9576702340431,9.53443792547969,4.27624561657077,0
5.49743677969965,-11.3181543919995,24.8136525153471,7.13541347982319,-14.6882854984037,20.3171758322328,-5.94967297953678,-4.09393800370517,-11.8972519682559,8.1129140867333,16.3098800112365,0
10.7176571145226,4.46842247622569,10.45189928865,-22.3582543812505,-8.72396632926343,21.1414164421979,1.25401385174062,9.64820396255926,-2.45149347505191,-7.91483503604703,16.6093895969884,0
16.7885370051005,-16.2562727977214,12.6746535179204,-20.6646563344582,-12.8092706452699,13.4990901738484,-0.239505159764265,29.6869407979535,-7.76426836964795,11.4248724302969,16.2938853046659,0
-2.35662747979152,-5.88242788825717,15.9083056836349,-26.6875410920877,-2.8779443633862,6.77203974222453,-9.19113945616685,22.5442122733314,-5.16516569582874,4.02220570828802,12.0183061333698,0
4.12056797688741,-15.6741180709027,26.1446688385542,-11.4641698296086,-18.3778555245123,-1.52353198207532,-16.6944376036494,4.42865401303388,-8.10941078432803,6.38439336002439,3.22248879910401,0
6.34329447075252,-3.99332386520726,14.003436912634,-8.43474622426727,-11.2085374986161,1.98942818819215,-0.638901056153502,17.678162841244,-22.0399030034864,-3.54389358631737,-0.199027662495753,0
19.0290440147305,-15.19039519934,6.6722634222084,-9.90930220272795,3.02267805284693,4.1652811779592,2.79379711915171,3.51186209179243,-8.30952383312762,4.39402936132029,9.79567121670569,0
11.0062893892428,-10.6447547857644,-1.57584783550697,-14.2725004374532,0.546933357976894,12.3394941181405,-0.857500614817435,8.28950207840338,-2.73412041283047,10.3987686313261,12.2540015255931,0
3.95365168188175,2.65762290884272,4.73271653489271,-16.0673613661728,-15.6455955895628,24.5799911590714,-9.90194815912813,2.76296523792289,0.333183913787818,-13.0038456465184,10.3780534326512,0
8.35706414740704,-7.32586434901741,20.3370420614199,-5.63112755695009,-24.5757240152235,17.3371669319655,6.80133135625957,12.3783264630438,-9.97028537490733,2.79155610850724,2.51851519074288,0
10.3604806189349,3.76822347793051,4.13285790448783,-10.5842664912615,-11.8831468019241,15.5555818064852,-12.8058767843587,0.975087241930389,1.41623388142653,18.0588615332707,4.04856630238626,0
7.43203594718245,-14.6985331635953,17.5950962789648,-3.57958873022647,-9.80209776902294,-2.84879118491246,-8.49940863448632,-1.66227371510072,2.81253145903716,-3.18660916896396,11.2119425331336,0
-0.469008121357861,-10.3786965540889,0.806612178944484,-13.4239067593312,-21.8864843357911,24.9134325857038,-2.93754505287162,-1.18337267673263,-8.36574927385643,-19.1151748656607,7.46238642947152,0
-2.73753896255249,-18.3004617713824,15.5342758766815,-16.476440217862,-15.1942943813749,14.5222029555949,6.87902124811381,2.90963007786219,-3.22333993136129,0.877352556030425,2.89912076291411,0
10.2893314425983,2.42202857138782,19.7159840307212,-0.516564698450619,0.827765565816459,16.8897725956365,-0.126167888336351,-6.33307651863957,4.99979607986562,-5.101559173596,18.2660056142572,1
-5.98325823941205,-15.1771466902244,0.41971527171259,-17.5268338548671,-12.6644572957133,12.6465144503254,-13.2470797580378,14.1826962457014,-5.99985818230744,-3.48086064621037,1.42695991532416,0
9.40126718397711,-6.62067024849278,10.432243912263,-4.12933146409527,-9.98389331977547,16.6964553473076,2.42447053670793,8.61764323192029,-13.4206725021964,-3.52061273900386,-2.78849163290702,0
-8.93675706727863,-19.2392152922097,15.6620584414902,-22.9698072942161,-7.54775841076298,23.0283770188857,-14.7045046020737,8.4734384440741,3.25325697234558,-4.44725890848704,20.3313664335293,1
-1.86822000128976,3.77790882797991,13.7661268437278,-17.2196164532931,-12.8611463857672,0.608982617506642,-4.06538408322596,26.5396765162155,-6.25797505282035,3.67914562384316,3.13687551449643,0
0.752673873540139,-7.07259840916921,16.9897816824072,-12.4681049592992,-17.589882804125,-6.19095823096333,-1.64233414891426,8.73585319377069,0.570148141014457,-6.71123935749431,18.7581792955452,0
5.94682721994509,-13.6189307682695,22.5226658152203,-15.3211535642883,-12.8791044948099,6.58552278501533,-12.1439455133566,34.1865605852473,-7.83598036871297,1.08767615551706,6.42711654822717,0
-2.97166658818981,-11.5194147096582,5.50745026312424,1.31957368708201,-5.988014224561,7.50324847207026,-13.1085353356554,8.87004827368987,-14.0577228549711,-8.41976606768173,10.3688208988795,0
-0.34340499506048,-2.98059030699834,3.57423018165335,10.6761472282762,-3.66217256021561,2.81302720445483,-21.8679226072723,-6.55776415397925,-2.57598509366524,3.41159392938032,16.2517548746681,1
12.0801811971537,-10.9371469487036,25.5453008244308,-4.38447265296335,3.73101667188461,1.71729852020501,-10.8668126271954,2.58970419795359,-0.122378636516721,-3.14359000007272,-5.13949113667914,0
3.28762885585846,-6.78183843690973,20.3409040034379,-18.7600667855447,-7.31558520366723,18.8673118228201,-11.8126352779488,-5.66894735692337,-14.0015318732844,-7.22282425130795,4.7171115976494,0
13.3698000057964,-25.2391011817943,24.1567098647439,-6.2866126533921,-12.203808441999,16.5939803741062,-11.9446607822375,11.3966507350202,-6.09507590592615,-3.5726619241879,-3.70639518284777,0
12.3150792405241,-9.87576127118468,5.93269780192047,-6.7077946424825,-1.1750359493881,27.5094378320865,-10.4953568444752,9.32603236217274,-10.0030197295799,2.1684560488814,-13.5460912085537,1
10.1074912668882,-9.08095774449698,14.1715708592209,-16.7933081413666,-0.208234548140016,16.4741253759524,-10.5611929273487,3.18178779223556,-10.0442007663804,-3.35655178455061,12.9512535875865,0
-0.28794653390652,-5.91210726914544,11.1768851415013,-8.34938472241815,-24.7176705487337,6.99334712313114,-9.96337758692728,16.9126054694943,-8.58757188860761,4.56817343430031,3.36412435803425,0
6.05921298455589,-5.22566841970765,12.7862203309605,-3.58581313547005,-7.6606976546649,18.6707684286148,-8.9355941429314,8.21123087732133,-5.5862367350896,-4.66670466641552,-2.35582185811877,0
-4.43401655566662,-8.88223335336352,17.743590182699,3.48150124590492,-14.3364029932683,19.9015195956349,-3.12840318769516,8.97945687481254,-5.24214974189631,1.04992851966857,10.8839732340416,0
4.95221174847089,0.0999253225438306,20.0893048106475,-6.39343171164886,1.25619458309591,3.76487013299596,2.21824002477964,10.2830281220765,-9.55597676910715,3.48143392720899,6.4438641862816,0
9.07217112852149,-3.97414628268743,18.0344356497312,-20.0495663455369,-7.09626809157006,24.2744602867061,-8.15151731514564,16.896853070001,-5.73725050168986,-14.8983013710153,11.8952955172424,0
14.016030567285,-1.96245869908263,15.2441631524213,-10.0837498153524,-18.2263377945944,18.0792520631625,3.35006201961606,1.15869694457828,-7.18093741142867,4.00236850919758,3.08883572611207,0
9.17241455123406,-4.31970800773289,3.59589505245204,-0.550990997806071,-16.8768190041901,18.9702077470753,1.21992176418143,18.0899028556751,-8.66537548154077,-0.743302141817453,-0.83238754048368,0
-1.92832602677502,-7.46636762338244,20.5180828160038,-19.0010662394653,-17.4582587061787,16.3470632173614,-10.6398444483258,23.1303578008682,-3.93587141062055,5.85437224200624,0.231601768481326,0
9.65472806601605,-3.73700509071048,20.3926098248496,-11.8360247140716,-11.3318006236319,13.1987371805578,6.67734598481746,24.4916722983382,-0.915865660392183,-2.34060616950564,-1.41021992984688,0
14.7594635818477,-4.48071296211001,4.65688637096887,-16.8720788165158,-14.3551594499262,29.2894707222205,-11.8388405039766,7.3433135598954,-1.04894935053896,-8.14269170873663,3.45360886456897,0
7.54439854444275,-10.4592036772753,28.3226247763346,-9.60229973033135,-12.6098197927327,6.2201160683777,5.65494018485658,27.4811559057913,-1.76660101176816,-9.39039702222812,14.4576771906398,0
4.27737261627172,-1.88919997021864,27.7971541300721,-20.6607179240659,-10.520664404979,4.88559662539085,-0.00286480041706572,-7.17029149184207,-3.75964080094917,-3.38048282420665,3.42373456798866,0
-2.8908402239245,1.22446492330019,4.4074619489098,-15.3441692139522,-18.5597855464406,-6.03758132050206,-11.2165607316129,13.7860444343186,-4.6254232231664,7.9721427160548,24.1580904867229,0
0.248655181853536,-4.86402502426826,16.5537648849696,-6.528743561341,-16.7525452555336,16.272705053288,-2.54745389816148,3.92085777392104,-12.7082727304264,1.93592002967529,-0.413492959878445,0
0.63542567987134,5.70820858758939,19.288771354427,-11.1196018519174,-3.15887078808888,16.7528446830509,-4.78158163218591,12.9497026167997,-6.03397977351734,7.28703266635436,12.2642447116299,0
-11.1106282169393,-1.66389748907446,8.24551463017853,-8.41719451809196,11.8508792829403,16.8137648351535,2.24396203431207,0.165560477121711,-10.4075918676366,1.45043059482516,11.5789825632764,0
-3.71286201543758,5.93693521657992,19.5814117291031,-4.43803801870218,-0.837806194248214,15.9374009469092,-19.6582084086629,7.87324905172969,-6.61715695611654,-0.762778600766621,5.23598559879437,0
7.13362177863928,-7.95165177094557,8.36827559165749,9.16000982110842,-15.5473688439767,24.3638492770684,-6.12267798652848,-7.36014493246019,-5.88627800645773,7.76940511838536,3.47935509844174,0
7.82502123236546,-10.4256263737925,11.5120446334923,1.46346120211759,-0.459898879186236,-3.61770883360421,-0.28692292946597,9.85428304690478,-7.40043236829681,-19.8575620579899,-4.62782048590103,0
9.97800063147032,-19.061033990313,7.07467817295716,-15.6939309163629,-10.791599348398,16.5634384710685,-4.71056199725118,2.08914780322766,-7.1578350077147,5.22704086768252,14.73495654746,0
19.4090080382378,-5.99868702946083,2.66316101766697,-17.2407397230427,-14.5837156887387,8.23224527656255,0.0670248724438398,32.1232885091783,-7.402924275032,0.00990012595061129,9.404007460869,0
7.63960882400331,-9.2208152926372,18.6387656599801,-5.92130217602731,-6.84646380099805,-4.25591162384288,-1.3916004864819,-6.47782021236695,-2.81234145562078,-6.20940169041504,6.39171681510868,0
15.1754690860621,2.77818854764992,5.81432375658638,-12.7705257001857,-20.8629385645796,8.67818780815902,-12.2166332478488,8.98706454270434,0.440346683451749,16.6960343181943,-1.63162384894537,1
0.864311754595675,-10.8287418884497,4.37199886956626,-9.28101443563995,-15.2295949463319,18.8483229389045,0.399095633985421,6.69051644446077,-7.31933968673269,11.5671531434344,4.54832374874426,0
6.60064292225018,-20.7410493940639,13.6722339448851,-25.318383392262,4.45310624996255,6.60306808017935,-3.92940700147505,-12.6175945276628,-5.58263317435077,12.5968497570785,10.6948711299103,0
9.17945110229516,-5.54081169778758,1.54705065350912,-17.5595685739829,-7.72036486759103,16.2021186877571,-7.36599314780467,17.4497049140862,-13.7373514243321,-6.40519044106663,4.58670577924762,0
16.8012639399545,-25.6841279384194,6.84872469106283,-12.6652493294348,-6.92012948009513,5.57926134504821,-3.70010538743976,5.31439011057472,-3.0712914817756,13.6167710162849,8.92553609706217,0
8.22003857756238,-1.53241999033615,4.56355253271508,-8.75221285942729,2.17165484887255,-6.57787538051918,-15.6516699514138,5.62635953242633,6.27106295316791,0.75943565265791,12.3298001009136,0
6.14168862947831,-13.7900809001074,7.81896240177841,-14.3436692385234,-17.6228609714003,24.0842520447289,2.22394990921125,-0.346820128945159,1.03975112294178,-0.736991074230412,12.2853596005492,0
15.2438218190547,-17.2633775496723,25.7150532075776,7.68873457539518,-2.76507494926111,4.6882525976553,-1.77623359593355,12.8773357560859,-4.5699774081364,12.3856511978562,5.83163348651382,0
23.2248498732056,-9.79079787525331,9.04553182966462,-14.6475984012291,-6.32672471450013,6.25771157797544,-10.3586176523194,3.32993460248496,-2.50559748124873,16.8245413755698,16.4223265420773,0
-2.78139795859974,-6.42937453478337,16.102912087581,-26.5853517345627,-8.53399901173918,12.3962283401273,-14.9022168884679,30.5813091220706,-0.116987975526329,-4.39349994973873,-1.64734690105332,0
2.59914977075423,-3.86564789251046,-5.34138977272986,-12.3547347402071,-14.4091514293009,13.3754096127241,4.8422044687826,-8.52587583331364,-3.91856196557358,-10.5741196357075,11.1272252592615,0
4.57673244854169,-14.9568849587288,7.5428244832354,-22.909000303206,-19.6717857001395,11.7439829264543,-13.8009908834931,0.444227669176328,-10.460161973635,25.1926509358752,0.241963369350254,0
1.28368599659009,-5.05339918010311,22.4128186009657,-0.515916492299034,9.7007464113738,8.56529639692801,12.3971495729967,7.21415746187622,-7.36410141389693,0.703432998628925,18.2808052250828,0
7.58201252779529,-2.74032355154779,16.4788592003191,-0.486047780804494,-26.8107077908248,-3.58247939816564,-12.9332277690494,16.3864923706754,-2.4272807278251,-13.6821537000372,1.64261722138482,1
8.87871798853658,-11.0816571464812,5.6603553825886,-23.9814464697176,-3.92393717111318,2.8807393795063,-7.47109374148771,-0.0151987681683652,-10.4334794610898,5.01357737545121,18.2124196794257,0
2.85708444615237,4.15447321876944,14.0977247218421,2.96886790615565,-9.73915061461332,4.26882106193659,-9.72176172091421,13.3439948795619,-4.24659036396381,-11.9198329260592,12.1115473400714,0
-1.74199696265778,-1.48763134501655,27.0692444369806,-7.58576811528436,2.93621751855808,24.6169082947886,2.10136974906013,41.9781981745454,-0.526588026276066,8.41479594037364,-1.20320279942675,1
3.71096148439393,-21.7656301844661,18.2837993221478,1.33312972242296,-14.404718315066,4.81010159879978,-12.9314620237832,13.7467350521587,-2.50031935523494,8.32605583771786,13.2100961814294,0
7.9908668591337,-8.98478338872906,25.7126142229548,-17.1505554176096,-13.2898547648381,14.7251467471932,-1.17413811370581,4.08098083470518,-8.42135447298425,0.0780723311911764,8.69966420304987,0
-9.54628511605382,-5.59847446686725,16.3402061211586,-0.153477830980723,-14.9821386359427,2.47557381190136,-14.7917690901367,25.6550021493142,2.78626716067358,-5.18495888670155,18.2746863815421,0
12.7213598607394,-4.89872879598949,2.95117267583896,1.4620418482136,-1.08252065259051,11.6509748437072,-8.89930072452819,14.5532837303375,-9.19352620114972,8.06735875174988,15.9316179232208,0
12.4532191861589,-4.06505084250641,17.5362147279951,7.54351754333453,8.571374025143,20.7039394324928,-18.2567039984839,7.37419582319024,-10.9452391774711,0.359839935716967,-12.6506694852372,1
8.13791051689252,-15.6351427838623,16.1384892569222,-20.9001574322042,-15.3723759126423,22.3228114982573,-17.2678197495189,9.84398676216074,-2.60769976511131,3.63632414080339,10.1128290257118,0
-8.3739320288594,-10.7955692720245,12.0676823357288,-24.9873639684205,-1.474844828698,15.2817611771086,-0.881218468268258,-2.12660455308407,5.22634134135043,-5.61946028083986,12.3792270094456,0
13.4197609898762,7.41029930388881,23.4017636618515,-17.1502002393299,-8.98799921280395,16.7520957442245,-7.5037050558504,20.8561910797865,1.77092599075516,17.3694850521634,14.5601947551813,0
1.54065555745211,-11.5715071360877,5.99533494925162,-5.29551903643318,-7.27432532281009,11.9199195904118,4.03262802911566,7.23514708518351,-14.9930941666733,-3.28615546596266,16.8956252023275,0
11.8217844102825,-12.1841524361094,17.0316963367589,0.63792522071696,2.86880424973747,6.37883531951886,-7.48723227394674,19.6127662246137,1.03127606736189,12.3912924524174,21.4666994809903,0
-1.50057563527793,-19.2922795714901,0.14212737657815,-0.322303143986982,-15.919803474998,15.7216670585588,4.65132415959015,10.3623247424689,-1.86653255504207,18.2385603282233,12.2072583777905,1
-1.66261631339198,-21.6765105247459,17.4029937998783,-18.7979268435037,-5.63339540836364,3.80352135480877,-0.287171308727904,10.8244024011139,-9.48545149829385,-7.31657882578567,3.46775343429273,0
7.2498552428579,-13.665403890146,24.4426006887579,-2.66468961217655,-15.4444360156649,11.800171562939,-10.54761133502,22.9723371496345,-3.60160419204123,-4.66470323396693,11.9852653147539,0
-5.44868144051344,-5.6704532542143,11.2861530693223,-0.20923863517487,-23.5004838884915,14.4625415086744,-9.06780426510343,-6.9481852736196,-7.87081843301234,-3.39448670966252,8.50855648461299,0
-8.99309789056202,-24.137958153179,8.50799317442242,-28.8989917233524,-4.01254693193918,-2.71572659438095,-4.02750511482874,6.21286533423537,-15.7770591085585,8.40386321725503,-1.09087344506277,1
12.0268839670633,-16.8475281340828,16.0080437131073,-12.3432736031718,-6.50297274864891,-5.50877079223327,-7.19278082877219,4.97193915068671,-10.0211120521599,-13.9272251090602,12.0275638202159,0
0.854584646100605,2.53733293751859,15.0964878940706,-10.4417247853544,-4.63118298565205,7.39303242735734,-3.47841355589759,1.57417763044341,-7.99211789758224,-0.007343476532091,14.7765193160836,0
-9.28211236788879,-10.1468814639508,0.981045553916353,-7.76208264542774,-18.337848421761,6.72859437950165,-6.44877626980634,-1.69749969590603,-8.84284455021252,-5.5112349540826,6.64801950155451,0
-6.66008733699585,-6.52968846423747,11.7516737187334,-8.12612481070795,-15.4531025614756,10.2600820664919,-10.9307259239049,2.76618607086992,-5.90765667728731,7.0693196411367,24.0921382345676,0
3.11279970840253,-7.13662101020303,20.0830559362635,-17.6301458457311,-1.33844434182899,18.2428578771317,0.62007464318013,-0.0684941122353635,-2.03416986212326,4.73126640633845,7.96397192576757,0
11.864887545029,-3.12787517025738,16.6710757912892,-13.1050225942341,-11.8544651002242,1.27510836255279,-2.57794893003559,17.598182708515,4.99089842132962,-7.54489902934228,13.5303680224143,0
10.3719034574381,-16.6417927946766,11.6801244555154,1.82597683336602,-8.40992076537299,4.5382934548322,0.183668344842821,-0.521018182940106,-3.49975125751729,15.8904836584636,-1.43578203509206,0
13.9534047870179,-8.31268043925206,17.7362952649931,-8.98977212272872,-7.7971719581853,-10.8672693088015,-6.88420118670449,27.8610873235501,-3.10866420908142,13.2423012992667,8.03395425726605,0
-8.99677620486617,-18.1499222499964,19.4433200425497,2.54019894956157,-0.399310170893631,2.2807948168407,-4.52761727066028,9.2044001028775,-6.21556179731978,-9.48926257164875,19.5979467055755,0
3.38960778647364,-5.40834808868966,1.76609615412032,1.71509298855919,-8.58966787337937,2.85827897352801,-3.17370723813375,14.4007447303008,5.52271648534109,-3.84101559661349,2.70688943495641,0
6.55069565098718,5.2475456237424,4.85550133912404,2.13934157565254,-1.28229018086273,8.40918897886813,-13.5226249537089,13.916684706274,-5.96142899702107,-5.35408739875133,16.184912330699,0
15.2789586830333,1.94203350348751,14.0702048193275,-13.7787580515289,-3.46851382338774,-3.86745994184406,-2.08391481011003,2.87808127126785,-5.33984171001961,-4.90786111088041,14.0176664379457,0
-4.51240461436031,-16.0350720659755,25.9962115535644,10.3324004778281,-7.80971817452209,11.2657057125667,-5.92940970768711,-8.69047953664145,-7.96257353130552,-1.05087807007129,14.4401901890231,0
-0.933459804017255,-21.4130638278495,8.17362977178724,-30.4682128645255,-8.54097213563028,13.7098265730914,-1.88349294848098,15.730806742775,-12.7831952098218,14.7342153907279,4.84432197279903,0
19.5795521095335,0.252952719526917,17.8819419957112,-16.2091504194449,-4.64976117959609,22.4443870060585,-0.693984542204403,-9.18196772596827,-2.63859020129502,8.41156745915708,13.8621166493192,0
4.38303497278652,-0.858591355534926,-1.66640900673238,-16.2282617403834,-5.56429646080283,15.5586123063934,-8.52837375765167,-11.8897490137109,-8.16711335315339,3.37537948558301,20.2375643641081,0
-3.35780117524153,-6.06349501126571,19.8276808964167,-2.84360771293252,-6.47280474938983,13.1657750379352,-1.30180415465713,11.3969851093868,-11.5868978620185,3.16464305696648,17.1657760723382,0
4.61647154977157,3.1100748966066,22.1282881445378,-15.3511123752531,-6.54016471439299,-1.99051189595043,-1.59590434354183,17.0278874057069,-7.23295450656108,-1.0731309316596,14.3923705794441,0
4.31314003889723,-7.88023423903838,12.313454982497,1.13104641834601,-0.0304005998449979,31.0597722614599,3.88322990169566,10.1952240651015,-4.03547677159213,-5.60861855285539,-1.54636692414512,0
9.27301196898379,-14.6475324047054,20.463958617857,-15.7764417431531,-13.0824409304051,12.9137202631764,-2.99337394020882,8.55971119765078,-3.19798213170523,-6.87609150311878,15.6578122214009,0
3.64256971315343,-9.40025608198567,16.9585154690784,2.29272631601225,-13.8294809423401,13.8597901384523,-3.4089539151583,11.1471739312123,-8.69509227257709,16.9520596678389,5.37269260523299,0
2.33734347947587,-4.86697212113972,18.0630169209291,7.97455244987744,-8.18916601215511,6.40685780157047,-10.7563465047446,19.3688693782157,-5.52278061791996,2.09108032902931,6.80253093913093,0
-14.937367799562,-14.833669324934,12.8584614779053,-20.0139346250873,-6.0850994133452,-2.70205154157443,-8.41104062762668,-4.41682196394648,-7.44626877609148,8.50489676649422,9.83945059828649,0
7.66375435234565,-21.3159590697411,10.0856474101018,-13.4764592860557,1.86976881634643,31.5561901119442,-4.20773909502819,6.78352680214451,-9.06969805165311,25.7114983536437,4.20537645783523,1
-9.13889200853592,-21.4363092854877,7.35544535316055,-8.3463146616673,-17.5582405133784,29.3487332328888,-3.06041930520102,9.21242561240147,2.85516523317072,0.427786882530862,10.5533207319462,0
0.895045264931483,-11.6198530491657,19.6138972049314,-14.4558188196764,-5.84767135418623,18.4637474886424,-20.0545434975073,5.28334461224131,-2.79223763824018,0.276673958956871,0.70822576050573,0
7.51546946239102,-18.0197950352598,20.9443734519042,-5.88338381593727,-13.9800024034831,2.45304783047905,-0.857089919290577,8.07915240433996,-12.5666820070308,-1.3109598001575,6.83292983652665,0
3.17103437173306,0.281900045009786,0.417217767824747,-4.79811791372136,-20.3689399539292,-0.459434864683011,-6.38596939319577,9.37418282040069,-7.33439528228773,-1.47673257915471,5.28960666895365,0
7.77664973601836,-27.6364078905277,16.9549433015562,-8.11853878387419,-19.2139554792039,14.3572895843817,-0.219152384080052,23.3511394775557,-10.9216039560829,7.43006231049711,12.0796222750067,0
-2.54499835332107,-0.200648981434128,5.88081460633358,-0.76042404093049,-4.06913696896888,8.24301121151425,2.28319453912814,24.0987712695742,-0.721250929200353,2.0027626273209,0.595981270489025,0
-0.649476290485955,-11.4576610555932,21.5171504784771,-15.7513425160264,-4.9976839279205,10.1639100030033,-9.15356018413367,-5.97066485001553,-0.101088765143646,4.94447095022772,14.4192089115745,0
18.6847451744137,3.8362499258168,7.98906439225831,-10.2949248286005,8.63457982443885,7.37775216504176,-6.08651559164852,7.53058419880743,-13.8651389882935,13.7605301592402,2.16021854906226,0
17.5997462134692,-11.7556381738631,-0.532934350979867,-18.2781427240816,-2.38812445649648,20.629006277219,4.34009064633468,1.68553083967813,-6.32525028824449,-1.08420543647039,11.2629836073664,0
24.0097701760617,-1.13652746863097,14.8705778772718,-13.0857397139176,-14.2746756553788,23.6356870750969,-11.0632254218316,13.4408587318537,-13.4384640584488,1.35918238588225,-3.20559944649999,0
11.2757067767072,-8.98842857400978,3.70567436838815,2.67159362450288,-1.60037814761718,25.4694038477181,-14.495770090282,13.9265274831578,-1.55050062459655,-6.32172451728176,3.51237112374198,0
1.50175169483622,-9.18231414035356,15.6961716007707,-31.4141107472521,-4.35131351787994,8.95956564426652,-1.4425205930218,-0.546374765041594,-7.54758885335166,14.2758128427813,5.33258788623583,0
6.93539179277624,-24.911221905935,22.7918839900365,-0.248096855339107,-5.08081412626133,7.39727509694507,4.39315888530398,2.46684506820103,-9.80780099686195,12.2341143003665,10.4790433374862,0
2.90911353463816,-6.65570947133479,15.8121430986961,0.900459099808618,-10.006948738436,12.7984335535964,-10.8282090598779,9.19067336831089,-8.51308687110201,-14.265063102435,14.0604504396015,0
-9.65392406519878,-10.0979661466913,6.08802787320013,-17.2242492570891,-35.3518220964331,2.67727584825106,-13.8153817698162,10.6876526906076,-10.8043558933787,5.57119177470429,-9.5282443167539,1
-17.4248117253724,-2.49407245751974,8.48091004691012,-4.89479451287452,-12.4615216933943,7.32221745224679,-18.5745080202366,13.3844450215193,-6.31312645894106,-6.38116365275197,8.00126958862516,0
5.59123529698539,6.70706872643833,25.2612024446102,7.25196036778314,-15.3359474695216,6.26438230337273,-1.49367221597763,24.2449679762065,-4.64305825740547,13.6280940354003,9.85301913878451,1
2.20370155143848,-6.76341183544854,5.34338514560419,-11.208402968495,-10.6717292208677,6.68347623968431,-12.0300807240732,11.2230292707838,-8.50433359791121,-9.93239052584633,8.34076281889587,0
-9.29588888228329,-3.40227253791,5.8591595209558,-29.6763977935244,-2.83040688316451,15.8493156856309,-6.29825910257585,6.93443249309198,-6.47718364115058,7.10053319467295,8.61900077582058,0
5.34988526757062,-12.9190826789283,12.1324174074631,-30.0975378699572,-23.6877141244119,15.2938851500249,-7.95428741928843,16.3828302248361,-2.27721867811334,-12.9264722135996,25.837356204873,1
3.46900486658978,-17.0708605163869,5.78125467793777,-5.82091211646436,-6.25921833329487,19.7295901693616,-8.61898200478534,-20.5572065119298,-6.90524140602964,1.52368733167801,-1.38218739872099,0
-8.16852200919946,2.41129206455257,9.62684305637899,-6.0284108821122,4.92851904987212,24.5710247526288,-16.0577840740334,15.8108551712573,-9.86558700556309,16.3559848005275,10.0288094217289,1
17.231253296677,-3.22135688891649,9.4688565778587,-10.7455308230381,11.4470476750939,-4.73828711080086,0.188732904520626,3.43162399165807,-3.94748625782984,8.7942845252008,15.6102327022421,0
0.72073523033351,-2.83269023474937,11.372317634179,-15.1368660264696,-4.37986094765593,20.1714203535705,1.27427376187331,-7.82229892299115,-3.35458426616291,5.626845273506,12.5893419716035,0
-8.29427250014076,-4.49839243959745,11.4236118410573,-12.5382257445527,-4.19195034528499,-0.573277021029968,-5.01731190317626,5.57182209663075,-14.9458945061232,8.50240331250779,3.73328480441577,0
14.8124312616087,-6.22264477692524,7.21093221626585,-12.5444699178849,-8.98191715507016,25.4809103003356,-9.88873985894186,10.1100298235019,-9.11237839174403,-6.87044410083366,6.59077214754113,0
-0.657640683813314,-15.5220776958209,14.1946962569198,-11.049445008068,-1.90513393843767,13.5394247087743,-6.06217583270347,1.22162267139314,-3.22444421653696,-2.14255796283536,13.4736112317443,0
6.02777585307965,-16.3140834445139,11.9457406039551,-3.22162527014822,-7.57922554869126,8.32307579578745,-5.00700440802737,1.23623791203921,-9.33955561830676,5.95643871334408,13.1465276118745,0
8.0958964262489,-2.39103221820828,9.80228235922852,-20.36388134095,-15.5811547207234,13.1698177163638,-4.43320842965884,3.51797216093982,-1.92905886476403,3.54898704802147,23.8949667490847,0
1.57097300656049,-17.7173188399418,4.45804184666282,-1.08453037786053,0.0662761000866725,11.8429551017601,-2.54432371986557,5.62947548570116,-13.2237629519085,9.98757118458877,12.9111125754114,0
11.4593000507159,-6.87355662878443,24.0648246635666,0.688340056157141,-14.2562522160701,-14.5390236152636,-26.2960030576015,18.5086595434546,-6.11472939838951,15.6682788379141,0.323247659673852,1
5.2850909941622,-8.94478808723647,25.5333676673226,8.58935717385264,-1.36863153908061,17.2166421920807,5.08894176083774,-8.05551297253938,1.2282636266335,5.71096711004222,2.17557703918725,0
-2.71803700140343,-7.8087480693721,10.425952979198,-20.8826904822964,-18.5809876962109,-1.94947243062087,-12.5411578206995,12.4357028749801,-7.36442216335506,7.14160617474547,22.2820209130789,0
-2.38210866001388,-11.3296155890689,12.7902433043331,-33.6185095135573,-8.26992390569211,7.51256994209775,-11.7647804447084,-1.42192187144827,-4.89981722188452,5.5830502582242,12.4985027475928,0
6.28019754872349,-17.3831594272467,23.9212476027283,-13.8508557182461,-15.9384890291234,5.55951589346278,1.47853129559436,2.62053819443246,-8.54803492870322,-0.238667691516362,-2.95248215974865,0
0.842553960734592,-6.80341103360331,11.619703706475,-6.88146771433429,-10.3121653170041,2.79998538771541,-12.6588049212083,21.7184714690912,-6.20034909363082,3.34527296459946,10.9386122514674,0
10.3325065041233,-13.3101881286109,10.562692556484,-13.2776894810163,-0.520807013225659,13.4257916653478,-13.1945441201058,8.20345656317734,-5.28827769257215,-2.00902236467598,16.2680107531069,0
10.4153781912986,-22.2345712481895,18.867101346792,-4.83558697728221,-6.05271931543867,3.80465255538923,1.79271464331488,11.3454622219785,-15.5223632300633,-7.23360433097279,-3.269978964969,0
2.05903517959915,-11.4484140622725,4.73424785689136,-11.0448383198811,-15.5950916921691,13.9423717032736,1.46517304076479,17.5053145741243,-5.17945247617083,5.54522907346334,18.2596765385928,0
-5.34429259045105,-4.08636874495335,16.971702206183,-14.2906388007346,-7.61125241091553,2.17865644254158,-13.7463811290415,-8.43838916313978,-4.58266533640405,-6.62504918757177,16.8280517256549,0
-3.8409115365985,-12.8003346977144,1.34158157364995,-5.30382330125166,-11.1950303533625,-0.0784775088058272,0.0288653006608453,-8.08351935642745,-21.34462897647,10.6313124068292,-8.17753412017242,1
8.9888236397252,-4.75128284445179,25.8040751094339,-2.83421767332717,2.09121213657003,22.9902266400118,-9.89062503951956,22.925583437924,1.67092877087685,-6.93434456627453,6.47726563493742,0
4.20994168893261,-7.3779585322387,13.3134258912684,-6.37510129320268,-4.64578759293943,5.13805884240107,6.34232338541964,3.05246552860881,-12.3148758386364,-16.1951159496248,7.5240127692159,0
10.921200111503,-4.85462622073104,2.75802462438882,-18.6024424970152,-20.3015313000171,4.56214165770454,-11.9001609595915,10.2228137872613,0.537180351244936,-2.38980476827583,12.5106140747269,0
-4.49833770123012,-14.2125186915149,23.3847374641513,-11.1141812411416,2.14151059539373,-5.03021770192513,-4.90872197152622,-8.09494364424614,-9.62238447521793,12.5348275118579,3.40439433356935,0
-2.22076800716045,-7.82276928258514,8.57173420933897,5.86006962097121,-12.3541261653813,26.7643987282473,-5.14438085333888,2.92755407940262,-10.2907376446848,-2.14904012353433,17.8422106642692,0
10.3529970906955,-2.40058090151681,8.71326983685168,-7.5565941268185,-7.67725414689697,3.20989535571843,-6.0465991142835,13.7175944583638,-4.19957741005897,17.6034907630579,8.67528426148971,0
-3.70825923667189,1.5619548927721,16.0960075682595,-17.6526123390475,-4.47988110646263,16.873046636638,0.543284397411095,9.43208385965694,-5.47458233188022,3.71219976987597,2.93484675748092,0
-3.08172060931648,-15.5087642735151,18.3893059795704,-3.27162143319742,-12.7259573597009,-8.87890460486963,-9.35514948231627,4.87463637029249,-11.3795346801017,4.59145274469007,8.56551211608325,0
-0.591698788026568,-18.980720510538,26.7573747976599,-13.4518352110833,1.45242783987293,1.86933343960666,-16.655038338904,14.2912263274527,-4.0452054401156,-13.6413674655581,5.5656556551144,0
-1.85010290292518,-19.0819789926434,13.544039480134,-6.54765024525981,-18.3794324436426,1.28175077292867,3.07119952062877,11.7409212918594,-8.44179873896447,3.45414687411373,-8.25712405642258,0
7.669547539276,-8.14990890174064,10.9835451314722,-15.783897847652,-3.09984263051234,3.02582088808364,-10.2741017034375,5.07668595330937,-9.09316716458135,-0.372584495022853,5.66166999416924,0
8.98983037870913,-5.45713319197755,27.1228706067519,-27.0379229979163,0.635820949957099,5.60988651788586,6.27182860614629,-8.52241966376321,-4.16867479669466,-0.670898179928807,2.82133488398675,0
-4.55275909734609,-1.87416296166203,16.899972119407,-21.7805988816745,-3.10051612468126,12.7187030053611,-0.0948595548276101,4.7734962023633,0.160380462156799,-0.360358761077882,7.04052442327333,0
8.52396079926594,-6.14965656946435,6.08033039143096,-6.43500228102764,-15.6259884631157,-3.98264904214297,-12.0245037568499,11.2984177472604,-9.27279758854283,-2.34026593681254,4.48237133612956,0
2.27565759553926,-2.27842406021928,13.316722784675,-7.139493711454,-12.4411153152672,8.55504438963957,0.97614083216314,16.8483552241486,3.24128665703085,9.91753507584477,5.67410831035424,0
5.04740650805732,-12.4420773819822,16.0804524559279,-3.17175007311487,-6.52881361645627,17.5324659670628,-11.6735780758976,-2.19983868817513,-8.44217092706002,1.0547331380488,6.45643654862903,0
1.70577131615324,-11.0684039561498,13.5249823693372,-0.24719650767296,-11.3255187977848,6.98804507199262,-21.2619436414003,14.6577302869664,-0.468368810868706,-8.70862458731911,5.14314315977797,0
11.9352378368737,-8.75583705483445,18.4840328567203,-10.4621165580798,-1.78298430300048,17.519960002002,7.12850875194241,5.18260483346476,-1.97930170231314,-0.0685952285604057,12.4993715722888,0
12.6878264984671,-7.98979421888741,15.5369744493085,6.64129039736497,1.06200511282731,33.3528653121799,6.12296378852149,17.8156281276766,-17.5258443550025,-2.72140365535745,3.44667970427524,1
-0.818697111485071,-14.6016295492949,14.6062714978752,5.23370796668453,-10.6973723318897,13.6902710983699,-1.49149343406547,17.7395891787199,-9.76459060746647,8.97384008112098,13.6743258767877,0
11.4037064547483,-10.8397691548719,12.9827751525884,-3.29632379911245,7.13822806057534,9.36216740280945,-3.77564518247935,10.7411635684091,-10.9334337240351,-7.09581873196321,5.84528384839115,0
15.2823730634348,-21.8410853652237,4.10753112543149,-1.00842026724435,-15.5343451587238,9.21862904254463,-5.34998165588933,21.1042505529108,-1.16882987595927,13.9188209666156,11.5340304115341,0
10.4794092742883,-5.84506066698461,0.850262678228239,-10.1996709883595,-10.3029040299362,20.4470120947085,-10.2706446204725,21.8968892183487,-6.96421822904054,-4.99701157399359,-0.45067117314982,0
-2.87933182999358,-8.79712593976846,17.1132960758887,-19.3630321974967,-11.0933641026722,2.98810546631094,4.98421815593975,9.52362657699713,-8.27717277522668,-2.33173927232413,2.9515438359567,0
-1.44277380144905,2.55021094077381,16.1595495327149,-14.0149610707591,-2.80176301798769,12.0164416264779,-3.91238131889865,2.31770533681565,-7.48527742587918,-11.7334445176467,18.3009491590379,0
12.3888588063319,-12.2053402138697,12.3832213018053,-4.63610482818722,6.97243631308642,6.24140492105028,5.11291409316687,11.7404370464949,-16.6044289648394,5.97532222284388,14.7844743589419,0
1.98156057142993,-5.56545481284071,10.6074561730208,-19.1411347800107,-7.94813683422723,18.8290284939149,-16.3821420787038,3.11007737455093,1.78031976371455,4.69961369290611,0.859240407576732,0
0.117894070975974,-24.1083137974266,25.6000264342411,-2.18443407898633,-26.4068508886161,9.52431074480095,-10.7131973356149,-1.10085489230175,-7.45223226246631,-16.0724491665542,-1.50602365923697,1
-14.4717923895954,-12.0991298850854,17.744802895524,-5.17323724859996,-13.1877949072198,-3.55968597321117,-6.37975130753943,-5.8044984612318,-10.5529518831265,21.1747715233462,4.97610030550041,1
10.4589939050361,-12.6821687052262,17.4855821669751,-11.0787745054511,5.4296740011155,18.8657915476904,-6.85157428935018,3.67088249642718,-3.68451646056247,-12.2555326777543,-0.0675527167424228,0
6.76223343017679,-5.36470070894086,20.5379146635048,-20.5877666173462,3.16739138297616,6.05504062387892,-4.94833848126392,19.9726435028504,-5.08592277775736,18.3683391267859,5.69715798654868,0
-8.59180744670316,-7.044647492321,8.2141129284177,4.04187066422882,-13.3614530944151,8.93082105620804,6.09733458711871,-11.4215450093636,-5.72395599775117,12.7053416692872,23.8094463533919,1
11.2766953451816,-14.7441240873248,15.1570610989569,-0.840629483553403,-11.0629447019796,34.9391328312442,-13.1550090226486,11.420824700805,-8.5435651968737,0.52185329998702,15.2739098405611,0
0.602354165334957,-15.8730713899376,7.27749295082722,-30.8816836676188,-2.9462799276821,20.7520290527109,-8.6849997012436,16.0296848107491,-6.45267915335522,7.11943978594339,15.1227442392885,0
-2.48170825358789,-12.2847258680151,20.858103788344,-22.1900380709976,3.20074652608688,11.3762802498191,-8.69655192218938,0.441716211013778,-7.07097809118846,5.66528916680804,5.59778044954038,0
-11.7746661056722,-19.8781654001566,10.4706948842621,-4.08298035121901,-17.5491996820917,4.9606052957091,-8.23879719586009,3.75034713161619,1.07713169801154,-6.22444657597648,6.73332226479918,0
14.21626024213,-7.79285355644634,14.4893418599244,-4.26304508532231,-0.126881464300235,6.50835275763693,-12.3926910654227,1.30429323822896,3.17045559772864,9.500451331609,10.9211382856495,0
10.4904036093966,-17.1401095209925,10.3905975084011,-3.89252156502433,5.38033132698729,7.99139794273653,1.93883038727139,11.1731364749954,-14.306313702213,7.19113748381061,20.5159206115013,0
4.12792927010471,-9.7223865941643,11.200986470715,-2.36028451288863,-5.63152979101609,6.74666503214748,8.88818432415819,-12.2995617866267,-8.33806043506637,-8.57046523003277,4.17154999465767,0
-11.7882664269473,-11.4836267832951,12.4386780986368,-3.16281125354508,0.121982887931201,15.9052727050101,-14.9881004847619,15.0491609524183,-19.2494550198785,-8.94927062648957,16.9439048108625,1
-7.51468861107786,-11.6330822837581,12.7141989848038,-9.65992953080956,-20.1700261674069,46.574569404487,-10.4988035871644,20.5226850274723,-1.2237421506847,4.47890995479951,-0.186368882933852,1
8.64716290369742,-1.0302517951028,28.0432111727448,-11.7048320461993,-9.56443441664523,9.9589880650541,-9.12447504046681,-1.02216727497466,-4.94474625526202,-12.6347439137095,4.80477225348571,0
11.2120662115928,-27.1231010038493,9.15034418075009,-12.8157118670179,-3.68183365357631,6.85070607761001,-6.59515768659146,5.51555454166171,-12.2248211908911,8.38223874201499,-6.56454015791875,0
9.81104393958414,-11.2397640336723,14.3647744048937,-14.9490663642622,-9.5928828957234,21.2922949459429,-20.1761450222505,14.6178389201112,-0.597677860768949,10.7849300839204,12.2896711579142,0
-5.33056353704588,-16.950633171163,12.0310507466074,5.09527716261246,5.97317153171647,8.04593923523462,-20.3320090504328,17.3740123580199,-14.0486100138705,4.5128362173666,13.980740085347,1
5.45729010379464,-19.5102166597696,16.4979512109395,-2.85970502736057,15.5923695195258,11.5349030390112,-0.0717660547910146,17.1808284899331,-10.2127522210527,-7.98118076396038,4.38450930141826,0
-0.308031573741047,-10.0404321655338,20.6689405198285,-21.0925792883484,-4.64499310319559,0.342742618799278,-15.2312877789113,15.3400092592732,-5.2140788873293,3.3425623551913,9.01733984928107,0
9.15280671246637,-8.35688783310026,27.8580619746786,-7.78176271239586,-12.7069104452454,6.3159550360249,-1.38338111861708,4.9308698445006,-3.06004522358959,-6.64318066951514,9.79578329887067,0
5.53121479406919,-9.85420168476486,28.7994440728567,-3.09317337095228,8.554478123158,16.2910280034514,-1.7586705750945,10.8715128234137,-9.450252265215,-8.75773362413117,0.62009369508214,0
1.47039164471621,-7.04793075200777,16.8928539134748,-16.2504194812235,2.05658066819002,9.72618270980258,-9.21334816524711,18.4921535212227,1.37806506282035,4.1387023518886,4.25575201299527,0
2.93175611163643,-10.6012484383014,22.5229339968299,-1.71654795411096,-8.11679860498622,10.3388905918652,-2.30301204681922,1.42572500112339,-12.9349425970383,1.05812466493424,6.97443974572903,0
12.2397968744606,-13.5071912563542,8.13706807520764,-5.20655344445752,-11.3767081526927,27.4807183333648,-0.816235061713469,14.0323359468298,-8.53571314122193,-4.92054558847277,-1.65874952103685,0
4.31004304346472,-29.8648800362087,10.8400278175662,-3.77076454437992,-0.172041258798102,0.5979786004229,-15.7532915948874,3.03050402288431,-0.945354221672459,6.63146926986145,13.2800804777135,0
6.08564677208857,-6.23962021637209,1.09483052618704,-11.5555969115527,4.33535448998046,2.86180166083988,-16.3476787626672,0.797164108449483,-15.896167715804,5.9084735172425,-1.7251574506976,0
4.63891546630259,-3.24902152991869,16.7714775193636,-21.8643451458462,-15.4378447357945,6.95411002421886,-6.42586707850737,9.88768839955902,-10.6431507348738,2.24510486525008,14.5317942897677,0
9.00791910136952,-7.48991062201897,26.4992654895791,-7.94052005149738,-5.37518334393928,7.24638677331606,-21.0474129018355,0.835035870222042,-2.2502011110378,-0.109511541361524,6.49956868993275,0
19.1765213008753,-11.8269735554986,22.2277665943352,0.997944575014159,-3.3344664726413,-0.29412453447071,-13.4096158373686,18.0133273475502,-5.96187602724146,2.3924613015447,11.2923610632723,0
10.7511469595734,0.0729662386272789,11.8799938108125,-9.60781761254166,-21.9745496414768,11.8189766216081,-17.2629783791926,6.23586982036599,-10.2653088909462,3.07593595919016,9.51381793188075,0
8.61095617614069,-2.0875948831444,13.609762011765,-5.50945675362322,4.56554815612358,-2.15013271250586,6.65279401806051,6.60492331205428,-0.554557279032248,-21.5514089456197,5.52204611623117,1
-1.83504038836269,-17.5907597360092,26.438561712651,-10.1818548630194,-14.3411551032477,6.7288815807076,-0.972112691643298,-1.07189906790965,-11.2103483964773,10.7646400180507,12.8034204164651,0
2.2148187949171,-12.2754493160027,19.4211847113983,-10.8763358908085,-20.0543450114558,6.39532789903216,-17.0518728611745,-9.26245539627896,-6.40554741487384,1.95628096654425,10.4134594627811,0
0.369235164600104,-13.8975010111506,10.5911829207519,12.4421841080858,-12.8860294010272,10.7728188717332,1.08475948965277,9.13864171336072,-11.020167624588,13.9892136342445,11.4786191733552,0
1.67738761941384,-11.6998288588863,9.69845595301009,-20.4803225377672,-3.18635895237152,1.9256512166823,0.669228483898038,12.7569978240516,-14.8727936435709,4.18814273041781,-2.83369532076412,0
4.71288956636554,-5.46801402045853,7.46378544234834,15.1560093539238,-4.81585364731562,-10.09262916462,3.83039121376765,-0.360002478985217,-11.2213505361698,-3.26248613109567,1.59132222455891,1
6.41724462034863,-3.14051733205728,9.82754191762483,-20.5620703470928,-3.69177725008375,16.5010046907664,-17.2331176136131,7.93883275631065,-1.48839733931646,3.55134558097669,14.8602752984392,0
-7.99631792240296,-18.6022121873402,14.8521160293315,-14.6454972450579,-6.14281245714544,10.6326649322316,-11.947423378372,10.5802146229511,-1.19720470123022,-12.252599188737,17.4910339086466,0
12.6214096642569,-6.85266468008304,20.0934809807125,-0.933188342474258,-13.8123963073192,6.05623981758106,-9.37329189994166,17.2094790753656,-3.29268663470477,5.50001329304218,6.29898583755835,0
1.59914267100076,-7.86707463175789,23.3899288822951,-4.25325237118816,2.1893723024812,3.95165853971786,-2.28582903187606,-13.8143561502441,-6.60782179196207,4.38701301477041,10.4693376888957,0
3.1896907511838,-10.1488876265465,29.599711733184,-14.9918797533064,-3.91821607001772,17.1307212312375,-16.0000961585548,7.42875156357005,-0.233357248425875,5.31758519648461,-0.506802401504443,0
-5.50910284144389,1.80645441612421,16.5538920066008,-7.10843945874105,-12.4897361501345,11.4639942857471,1.63790785130698,22.3008441962739,-2.42861751348996,4.17223386803296,15.2170280257826,0
5.39606547916261,-6.03903747226899,21.2355722011306,-21.2093738397705,-6.72085027070209,30.243431016715,-6.41374848538758,5.48968741233242,-9.18996226958816,0.831174939231955,17.269215482865,0
2.08934794208659,-1.37163918519325,20.5524796094124,-2.38911362245142,-6.3345712870542,8.38093357210589,-0.814520089591752,13.2963145620329,-5.94437970351991,-15.4490372472375,4.14342727225641,0
2.78140306823032,-2.37984917941977,14.8563054207283,-4.57239363436358,-7.83514197396552,7.66912746374964,3.21813598325275,4.89141971061588,-0.326338983511058,-7.67187293691706,6.57459311672117,0
0.233602864499993,-0.0943614683825089,18.2651951349523,-20.9965782712437,-11.1307064793343,7.044628185928,4.58404719618043,-5.80420418508983,3.82718238247788,6.33228600863225,1.79286321173817,0
5.30700496116008,4.01508694099948,20.5321490889373,-12.6231024646204,-10.5502665287945,21.1774040165987,-9.76894332979978,17.4106223813602,-8.46117753673517,1.49675576325436,9.51806277584773,0
19.4454087915144,-7.37370433509598,10.2270670296259,-12.7295486133513,-15.4916275163543,-4.24714273686503,-6.21710943634137,15.6347346891365,-0.555388603111727,6.21843441564226,1.53464228003556,0
7.24081732637539,-13.0633416658244,13.47899770817,10.8491615955486,-7.11840947085104,-1.77872876988856,-0.640524528715773,24.7674852820073,-4.81552434494514,19.0429928434944,16.1572060141185,0
-2.18567003960607,-17.3676880569805,11.6977301148292,-7.44077200441224,-8.88187609629089,7.47054689835565,-9.54201062186488,2.0145457020544,-7.91451008622301,-4.08446656454549,16.062761460459,0
-2.4718606305849,-8.1193137868445,8.56655286711544,-10.3919605805914,-16.4732500711848,0.387341494669645,-2.36753780472601,4.67615049865116,6.30876170436653,3.77889209894185,5.83964407287923,0
-1.93295365212542,-6.83893732809586,16.033511517742,-2.65737527463416,-12.2860376603788,1.26767429289142,-2.22958748668204,9.30014976841841,-4.47449277080862,2.17038817389017,1.71611359051917,0
-12.1200773106981,-5.84591254288276,28.9519782759856,-10.2151840609877,-18.0702971608238,15.4397342199213,-4.96133843057976,31.4294391046728,-7.40642278772722,5.84700045578068,20.7970159940494,1
7.15735485307728,-15.3714474988063,12.3767583067003,-16.2564296704042,-5.91349523843479,12.8062078461271,-10.5936008560222,-8.29803412013501,-7.01164939490285,2.62791960337166,-4.56824420053219,0
14.312262390093,-7.75418500073971,7.68630321855883,-2.87486916679801,-15.8088340717108,16.4852032508291,-3.74359656223768,17.9079022787818,-8.37003852496075,-5.98278154879685,6.06688112695239,0
8.38786013267767,-10.0762708773438,21.5698291142823,-12.5660142655739,-8.88060640614211,8.34048933412612,-12.8721527293947,9.75874942422471,-9.55496878333439,7.84571685536435,2.1936132554596,0
3.05950717726507,-5.92629827269326,31.8374232102808,0.245340115298269,10.0507759583249,-1.99742753889852,2.05944859486926,12.571624322608,4.11015915361819,14.8156442986802,9.03532995116616,1
5.42020916867536,-5.10984522206815,12.1921993693281,-0.824891039102276,-11.0613554547436,15.1056833008026,0.621228960118644,-8.24753987139284,-13.8994244061384,9.4180160463062,1.84138358226007,0
11.6047315148981,-9.13417458878036,19.5825169511794,-8.30988184107096,-10.1826523418776,19.4106729843184,-11.0297151601434,21.4245221996777,1.01426524468394,-0.784065398183307,6.21790379710253,0
9.49130218413003,-12.8237328337456,-0.517108283122962,-7.74187255612128,-0.826148669723117,12.4150627376985,-7.96394503435989,-1.30199431906459,-9.04473699606189,7.70413333776807,3.74875985554452,0
